{
  "_id": "_design/location",
  "views": {
    "countTweetByStates": {
      "reduce": "_count",
      "map": "function (doc) {\n  var loc = doc.place.full_name.toLowerCase();\n  var loc2 = doc.user.location.toLowerCase();\n  var allLoc = ['victoria', 'act', 'new south wales', 'northern territory', 'queensland', 'tasmania', 'western australia', 'south australia'];\n  for (var i=0; i < allLoc.length; i++) {\n      if (loc.includes(allLoc[i]) || loc2.includes(allLoc[i])) {\n          emit(allLoc[i], 1);\n      }\n  }\n}"
    }
  }
}