{"created_at": "Mon Apr 19 23:59:39 +0000 2021", "id": 1384295662808748034, "id_str": "1384295662808748034", "text": "@YeonpilPencil Contoh lain dr yg sender sebutin??  Yg kamu beberin mah yg emang secara sengaja ngebully+nggada mint\u2026 https://t.co/xf0vpIop5K", "truncated": true, "entities": {"hashtags": [], "symbols": [], "user_mentions": [{"screen_name": "YeonpilPencil", "name": "\ud83c\udd73\ud83c\udd74\ud83c\udd7b\ud83c\udd7b\ud83c\udd70", "id": 1147028732403544064, "id_str": "1147028732403544064", "indices": [0, 14]}], "urls": [{"url": "https://t.co/xf0vpIop5K", "expanded_url": "https://twitter.com/i/web/status/1384295662808748034", "display_url": "twitter.com/i/web/status/1\u2026", "indices": [117, 140]}]}, "metadata": {"iso_language_code": "in", "result_type": "recent"}, "source": "<a href=\"http://twitter.com/download/android\" rel=\"nofollow\">Twitter for Android</a>", "in_reply_to_status_id": 1384086829306040324, "in_reply_to_status_id_str": "1384086829306040324", "in_reply_to_user_id": 1147028732403544064, "in_reply_to_user_id_str": "1147028732403544064", "in_reply_to_screen_name": "YeonpilPencil", "user": {"id": 2995683735, "id_str": "2995683735", "name": "oh", "screen_name": "miayam2porsi", "location": "MJK", "description": "gausah liat2 cuman FAN ACCOUNT", "url": null, "entities": {"description": {"urls": []}}, "protected": false, "followers_count": 368, "friends_count": 525, "listed_count": 1, "created_at": "Sat Jan 24 12:05:40 +0000 2015", "favourites_count": 1830, "utc_offset": null, "time_zone": null, "geo_enabled": true, "verified": false, "statuses_count": 56288, "lang": null, "contributors_enabled": false, "is_translator": false, "is_translation_enabled": false, "profile_background_color": "C0DEED", "profile_background_image_url": "http://abs.twimg.com/images/themes/theme1/bg.png", "profile_background_image_url_https": "https://abs.twimg.com/images/themes/theme1/bg.png", "profile_background_tile": true, "profile_image_url": "http://pbs.twimg.com/profile_images/1320945241973637121/7WE05kKl_normal.jpg", "profile_image_url_https": "https://pbs.twimg.com/profile_images/1320945241973637121/7WE05kKl_normal.jpg", "profile_banner_url": "https://pbs.twimg.com/profile_banners/2995683735/1587027434", "profile_link_color": "F5ABB5", "profile_sidebar_border_color": "C0DEED", "profile_sidebar_fill_color": "DDEEF6", "profile_text_color": "333333", "profile_use_background_image": true, "has_extended_profile": true, "default_profile": false, "default_profile_image": false, "following": null, "follow_request_sent": null, "notifications": null, "translator_type": "none", "withheld_in_countries": []}, "geo": null, "coordinates": null, "place": null, "contributors": null, "is_quote_status": false, "retweet_count": 0, "favorite_count": 1, "favorited": false, "retweeted": false, "lang": "in"}
{"created_at": "Mon Apr 19 23:59:35 +0000 2021", "id": 1384295644819427335, "id_str": "1384295644819427335", "text": "RT @themurlocs: \u2018BITTERSWEET DEMONS\u2019.\nOur newest and truest album to date.\nPre orders are live and running wild @ATORecords and #flightless\u2026", "truncated": false, "entities": {"hashtags": [{"text": "flightless", "indices": [128, 139]}], "symbols": [], "user_mentions": [{"screen_name": "themurlocs", "name": "The Murlocs", "id": 915738372, "id_str": "915738372", "indices": [3, 14]}, {"screen_name": "ATORecords", "name": "atorecords", "id": 22162156, "id_str": "22162156", "indices": [112, 123]}], "urls": []}, "metadata": {"iso_language_code": "en", "result_type": "recent"}, "source": "<a href=\"http://twitter.com/download/iphone\" rel=\"nofollow\">Twitter for iPhone</a>", "in_reply_to_status_id": null, "in_reply_to_status_id_str": null, "in_reply_to_user_id": null, "in_reply_to_user_id_str": null, "in_reply_to_screen_name": null, "user": {"id": 304667217, "id_str": "304667217", "name": "boogieman sam", "screen_name": "sleepdrifting", "location": "BLM, ACAB, fuck capitalism", "description": "\ud83d\udd2e\ud83c\udf19\ud83d\udc80 sammy/sam / 24 / \ud83c\udff3\ufe0f\u200d\ud83c\udf08 / she/they / \"writer\" / goth clown / music + video games / ENG+\u65e5\u672c\u8a9eOK!", "url": "https://t.co/U7Fuqkl1OZ", "entities": {"url": {"urls": [{"url": "https://t.co/U7Fuqkl1OZ", "expanded_url": "http://cacophony.carrd.co", "display_url": "cacophony.carrd.co", "indices": [0, 23]}]}, "description": {"urls": []}}, "protected": false, "followers_count": 438, "friends_count": 336, "listed_count": 18, "created_at": "Tue May 24 22:22:45 +0000 2011", "favourites_count": 113743, "utc_offset": null, "time_zone": null, "geo_enabled": false, "verified": false, "statuses_count": 136950, "lang": null, "contributors_enabled": false, "is_translator": false, "is_translation_enabled": false, "profile_background_color": "000000", "profile_background_image_url": "http://abs.twimg.com/images/themes/theme7/bg.gif", "profile_background_image_url_https": "https://abs.twimg.com/images/themes/theme7/bg.gif", "profile_background_tile": true, "profile_image_url": "http://pbs.twimg.com/profile_images/1385793717571756033/_TTy-V-Q_normal.jpg", "profile_image_url_https": "https://pbs.twimg.com/profile_images/1385793717571756033/_TTy-V-Q_normal.jpg", "profile_banner_url": "https://pbs.twimg.com/profile_banners/304667217/1579934551", "profile_link_color": "9A7CA3", "profile_sidebar_border_color": "000000", "profile_sidebar_fill_color": "0D0D0D", "profile_text_color": "FFFFFF", "profile_use_background_image": true, "has_extended_profile": true, "default_profile": false, "default_profile_image": false, "following": null, "follow_request_sent": null, "notifications": null, "translator_type": "none", "withheld_in_countries": []}, "geo": null, "coordinates": null, "place": null, "contributors": null, "retweeted_status": {"created_at": "Mon Apr 19 23:33:58 +0000 2021", "id": 1384289199927427072, "id_str": "1384289199927427072", "text": "\u2018BITTERSWEET DEMONS\u2019.\nOur newest and truest album to date.\nPre orders are live and running wild @ATORecords and\u2026 https://t.co/Yvs3bmRlSY", "truncated": true, "entities": {"hashtags": [], "symbols": [], "user_mentions": [{"screen_name": "ATORecords", "name": "atorecords", "id": 22162156, "id_str": "22162156", "indices": [96, 107]}], "urls": [{"url": "https://t.co/Yvs3bmRlSY", "expanded_url": "https://twitter.com/i/web/status/1384289199927427072", "display_url": "twitter.com/i/web/status/1\u2026", "indices": [113, 136]}]}, "metadata": {"iso_language_code": "en", "result_type": "recent"}, "source": "<a href=\"http://twitter.com/download/iphone\" rel=\"nofollow\">Twitter for iPhone</a>", "in_reply_to_status_id": null, "in_reply_to_status_id_str": null, "in_reply_to_user_id": null, "in_reply_to_user_id_str": null, "in_reply_to_screen_name": null, "user": {"id": 915738372, "id_str": "915738372", "name": "The Murlocs", "screen_name": "themurlocs", "location": "Melbourne", "description": "", "url": "https://t.co/dZJedJCIBL", "entities": {"url": {"urls": [{"url": "https://t.co/dZJedJCIBL", "expanded_url": "http://unclemurl.com", "display_url": "unclemurl.com", "indices": [0, 23]}]}, "description": {"urls": []}}, "protected": false, "followers_count": 5992, "friends_count": 41, "listed_count": 23, "created_at": "Tue Oct 30 23:46:09 +0000 2012", "favourites_count": 182, "utc_offset": null, "time_zone": null, "geo_enabled": false, "verified": false, "statuses_count": 432, "lang": null, "contributors_enabled": false, "is_translator": false, "is_translation_enabled": false, "profile_background_color": "131516", "profile_background_image_url": "http://abs.twimg.com/images/themes/theme1/bg.png", "profile_background_image_url_https": "https://abs.twimg.com/images/themes/theme1/bg.png", "profile_background_tile": true, "profile_image_url": "http://pbs.twimg.com/profile_images/1386843811570085892/XO4Hxm1e_normal.jpg", "profile_image_url_https": "https://pbs.twimg.com/profile_images/1386843811570085892/XO4Hxm1e_normal.jpg", "profile_banner_url": "https://pbs.twimg.com/profile_banners/915738372/1619485121", "profile_link_color": "009999", "profile_sidebar_border_color": "000000", "profile_sidebar_fill_color": "DDEEF6", "profile_text_color": "333333", "profile_use_background_image": true, "has_extended_profile": false, "default_profile": false, "default_profile_image": false, "following": null, "follow_request_sent": null, "notifications": null, "translator_type": "none", "withheld_in_countries": []}, "geo": null, "coordinates": null, "place": null, "contributors": null, "is_quote_status": false, "retweet_count": 21, "favorite_count": 96, "favorited": false, "retweeted": false, "possibly_sensitive": false, "lang": "en"}, "is_quote_status": false, "retweet_count": 21, "favorite_count": 0, "favorited": false, "retweeted": false, "lang": "en"}
{"created_at": "Mon Apr 19 23:59:24 +0000 2021", "id": 1384295600057839617, "id_str": "1384295600057839617", "text": "RT @VinceRugari: find myself coming back to this image in my head https://t.co/nnUXUcsw7v", "truncated": false, "entities": {"hashtags": [], "symbols": [], "user_mentions": [{"screen_name": "VinceRugari", "name": "Vince Rugari", "id": 18885134, "id_str": "18885134", "indices": [3, 15]}], "urls": [], "media": [{"id": 1384291424376541185, "id_str": "1384291424376541185", "indices": [66, 89], "media_url": "http://pbs.twimg.com/media/EzX9t1eVUAECK9M.jpg", "media_url_https": "https://pbs.twimg.com/media/EzX9t1eVUAECK9M.jpg", "url": "https://t.co/nnUXUcsw7v", "display_url": "pic.twitter.com/nnUXUcsw7v", "expanded_url": "https://twitter.com/VinceRugari/status/1384291432974880774/photo/1", "type": "photo", "sizes": {"thumb": {"w": 150, "h": 150, "resize": "crop"}, "medium": {"w": 1200, "h": 675, "resize": "fit"}, "small": {"w": 680, "h": 383, "resize": "fit"}, "large": {"w": 1280, "h": 720, "resize": "fit"}}, "source_status_id": 1384291432974880774, "source_status_id_str": "1384291432974880774", "source_user_id": 18885134, "source_user_id_str": "18885134"}]}, "extended_entities": {"media": [{"id": 1384291424376541185, "id_str": "1384291424376541185", "indices": [66, 89], "media_url": "http://pbs.twimg.com/media/EzX9t1eVUAECK9M.jpg", "media_url_https": "https://pbs.twimg.com/media/EzX9t1eVUAECK9M.jpg", "url": "https://t.co/nnUXUcsw7v", "display_url": "pic.twitter.com/nnUXUcsw7v", "expanded_url": "https://twitter.com/VinceRugari/status/1384291432974880774/photo/1", "type": "photo", "sizes": {"thumb": {"w": 150, "h": 150, "resize": "crop"}, "medium": {"w": 1200, "h": 675, "resize": "fit"}, "small": {"w": 680, "h": 383, "resize": "fit"}, "large": {"w": 1280, "h": 720, "resize": "fit"}}, "source_status_id": 1384291432974880774, "source_status_id_str": "1384291432974880774", "source_user_id": 18885134, "source_user_id_str": "18885134"}]}, "metadata": {"iso_language_code": "en", "result_type": "recent"}, "source": "<a href=\"http://twitter.com/download/iphone\" rel=\"nofollow\">Twitter for iPhone</a>", "in_reply_to_status_id": null, "in_reply_to_status_id_str": null, "in_reply_to_user_id": null, "in_reply_to_user_id_str": null, "in_reply_to_screen_name": null, "user": {"id": 2762452914, "id_str": "2762452914", "name": "Ramon", "screen_name": "ramon_chica", "location": "", "description": "Bachelor of Enviro Science student \ud83d\udc68\ud83c\udffb\u200d\ud83c\udf93.  Call me the next Steve Irwin \ud83c\udde6\ud83c\uddfa\ud83d\udc0a (but the Wog type) \u26bd\ufe0f Football ~ socceroos \u26bd\ufe0f\ud83c\udde6\ud83c\uddfa\ud83d\udc9b\ud83d\udc9b", "url": null, "entities": {"description": {"urls": []}}, "protected": false, "followers_count": 114, "friends_count": 1980, "listed_count": 1, "created_at": "Sun Aug 24 13:41:00 +0000 2014", "favourites_count": 3502, "utc_offset": null, "time_zone": null, "geo_enabled": false, "verified": false, "statuses_count": 1742, "lang": null, "contributors_enabled": false, "is_translator": false, "is_translation_enabled": false, "profile_background_color": "C0DEED", "profile_background_image_url": "http://abs.twimg.com/images/themes/theme1/bg.png", "profile_background_image_url_https": "https://abs.twimg.com/images/themes/theme1/bg.png", "profile_background_tile": false, "profile_image_url": "http://pbs.twimg.com/profile_images/1108179684053794816/o15Gy7TH_normal.jpg", "profile_image_url_https": "https://pbs.twimg.com/profile_images/1108179684053794816/o15Gy7TH_normal.jpg", "profile_banner_url": "https://pbs.twimg.com/profile_banners/2762452914/1408888113", "profile_link_color": "1DA1F2", "profile_sidebar_border_color": "C0DEED", "profile_sidebar_fill_color": "DDEEF6", "profile_text_color": "333333", "profile_use_background_image": true, "has_extended_profile": false, "default_profile": true, "default_profile_image": false, "following": null, "follow_request_sent": null, "notifications": null, "translator_type": "none", "withheld_in_countries": []}, "geo": null, "coordinates": null, "place": null, "contributors": null, "retweeted_status": {"created_at": "Mon Apr 19 23:42:51 +0000 2021", "id": 1384291432974880774, "id_str": "1384291432974880774", "text": "find myself coming back to this image in my head https://t.co/nnUXUcsw7v", "truncated": false, "entities": {"hashtags": [], "symbols": [], "user_mentions": [], "urls": [], "media": [{"id": 1384291424376541185, "id_str": "1384291424376541185", "indices": [49, 72], "media_url": "http://pbs.twimg.com/media/EzX9t1eVUAECK9M.jpg", "media_url_https": "https://pbs.twimg.com/media/EzX9t1eVUAECK9M.jpg", "url": "https://t.co/nnUXUcsw7v", "display_url": "pic.twitter.com/nnUXUcsw7v", "expanded_url": "https://twitter.com/VinceRugari/status/1384291432974880774/photo/1", "type": "photo", "sizes": {"thumb": {"w": 150, "h": 150, "resize": "crop"}, "medium": {"w": 1200, "h": 675, "resize": "fit"}, "small": {"w": 680, "h": 383, "resize": "fit"}, "large": {"w": 1280, "h": 720, "resize": "fit"}}}]}, "extended_entities": {"media": [{"id": 1384291424376541185, "id_str": "1384291424376541185", "indices": [49, 72], "media_url": "http://pbs.twimg.com/media/EzX9t1eVUAECK9M.jpg", "media_url_https": "https://pbs.twimg.com/media/EzX9t1eVUAECK9M.jpg", "url": "https://t.co/nnUXUcsw7v", "display_url": "pic.twitter.com/nnUXUcsw7v", "expanded_url": "https://twitter.com/VinceRugari/status/1384291432974880774/photo/1", "type": "photo", "sizes": {"thumb": {"w": 150, "h": 150, "resize": "crop"}, "medium": {"w": 1200, "h": 675, "resize": "fit"}, "small": {"w": 680, "h": 383, "resize": "fit"}, "large": {"w": 1280, "h": 720, "resize": "fit"}}}]}, "metadata": {"iso_language_code": "en", "result_type": "recent"}, "source": "<a href=\"http://twitter.com/download/iphone\" rel=\"nofollow\">Twitter for iPhone</a>", "in_reply_to_status_id": null, "in_reply_to_status_id_str": null, "in_reply_to_user_id": null, "in_reply_to_user_id_str": null, "in_reply_to_screen_name": null, "user": {"id": 18885134, "id_str": "18885134", "name": "Vince Rugari", "screen_name": "VinceRugari", "location": "Sydney, New South Wales", "description": "Sydney Morning Herald sports reporter | vince.rugari@smh.com.au", "url": null, "entities": {"description": {"urls": []}}, "protected": false, "followers_count": 10441, "friends_count": 3403, "listed_count": 159, "created_at": "Mon Jan 12 00:25:03 +0000 2009", "favourites_count": 21297, "utc_offset": null, "time_zone": null, "geo_enabled": true, "verified": true, "statuses_count": 85126, "lang": null, "contributors_enabled": false, "is_translator": false, "is_translation_enabled": true, "profile_background_color": "021466", "profile_background_image_url": "http://abs.twimg.com/images/themes/theme1/bg.png", "profile_background_image_url_https": "https://abs.twimg.com/images/themes/theme1/bg.png", "profile_background_tile": true, "profile_image_url": "http://pbs.twimg.com/profile_images/1142347083292110849/0VSoglc5_normal.jpg", "profile_image_url_https": "https://pbs.twimg.com/profile_images/1142347083292110849/0VSoglc5_normal.jpg", "profile_banner_url": "https://pbs.twimg.com/profile_banners/18885134/1516932095", "profile_link_color": "003073", "profile_sidebar_border_color": "FFFFFF", "profile_sidebar_fill_color": "7B211A", "profile_text_color": "C2C309", "profile_use_background_image": true, "has_extended_profile": false, "default_profile": false, "default_profile_image": false, "following": null, "follow_request_sent": null, "notifications": null, "translator_type": "none", "withheld_in_countries": []}, "geo": null, "coordinates": null, "place": null, "contributors": null, "is_quote_status": false, "retweet_count": 12, "favorite_count": 235, "favorited": false, "retweeted": false, "possibly_sensitive": false, "lang": "en"}, "is_quote_status": false, "retweet_count": 12, "favorite_count": 0, "favorited": false, "retweeted": false, "possibly_sensitive": false, "lang": "en"}
{"created_at": "Mon Apr 19 23:59:12 +0000 2021", "id": 1384295549579382786, "id_str": "1384295549579382786", "text": "RT @AnthonyCole68: Don't tell PM but I'm just about to head to a Inner City cafe on a push bike. Talk about a woke virtue signalling wanker\u2026", "truncated": false, "entities": {"hashtags": [], "symbols": [], "user_mentions": [{"screen_name": "AnthonyCole68", "name": "Order No.227", "id": 2837205452, "id_str": "2837205452", "indices": [3, 17]}], "urls": []}, "metadata": {"iso_language_code": "en", "result_type": "recent"}, "source": "<a href=\"https://mobile.twitter.com\" rel=\"nofollow\">Twitter Web App</a>", "in_reply_to_status_id": null, "in_reply_to_status_id_str": null, "in_reply_to_user_id": null, "in_reply_to_user_id_str": null, "in_reply_to_screen_name": null, "user": {"id": 15269829, "id_str": "15269829", "name": "Dr Roger Wilkinson", "screen_name": "rogerwilkinson3", "location": "FNQ via Melbourne", "description": "Sociologist. Work; gender; consumerism; public relations. Social justice. iRoger. Not bad with Adobe. Creative, becoming artistic and musical.", "url": null, "entities": {"description": {"urls": []}}, "protected": false, "followers_count": 1229, "friends_count": 1973, "listed_count": 23, "created_at": "Sun Jun 29 10:51:49 +0000 2008", "favourites_count": 85698, "utc_offset": null, "time_zone": null, "geo_enabled": false, "verified": false, "statuses_count": 72108, "lang": null, "contributors_enabled": false, "is_translator": false, "is_translation_enabled": false, "profile_background_color": "000000", "profile_background_image_url": "http://abs.twimg.com/images/themes/theme1/bg.png", "profile_background_image_url_https": "https://abs.twimg.com/images/themes/theme1/bg.png", "profile_background_tile": false, "profile_image_url": "http://pbs.twimg.com/profile_images/1366373836/Roger_Wilkinson_normal.jpg", "profile_image_url_https": "https://pbs.twimg.com/profile_images/1366373836/Roger_Wilkinson_normal.jpg", "profile_link_color": "ABB8C2", "profile_sidebar_border_color": "000000", "profile_sidebar_fill_color": "000000", "profile_text_color": "000000", "profile_use_background_image": false, "has_extended_profile": false, "default_profile": false, "default_profile_image": false, "following": null, "follow_request_sent": null, "notifications": null, "translator_type": "none", "withheld_in_countries": []}, "geo": null, "coordinates": null, "place": null, "contributors": null, "retweeted_status": {"created_at": "Mon Apr 19 23:06:55 +0000 2021", "id": 1384282391368241152, "id_str": "1384282391368241152", "text": "Don't tell PM but I'm just about to head to a Inner City cafe on a push bike. Talk about a woke virtue signalling wanker \ud83d\ude14\n#NetZero", "truncated": false, "entities": {"hashtags": [{"text": "NetZero", "indices": [123, 131]}], "symbols": [], "user_mentions": [], "urls": []}, "metadata": {"iso_language_code": "en", "result_type": "recent"}, "source": "<a href=\"http://twitter.com/download/android\" rel=\"nofollow\">Twitter for Android</a>", "in_reply_to_status_id": null, "in_reply_to_status_id_str": null, "in_reply_to_user_id": null, "in_reply_to_user_id_str": null, "in_reply_to_screen_name": null, "user": {"id": 2837205452, "id_str": "2837205452", "name": "Order No.227", "screen_name": "AnthonyCole68", "location": "Pyrmont, Sydney", "description": "Inner city woke cyclist who has taken up yoga. For single dad half arsed meal recipes follow the links to my website ...which doesn't actually exist.", "url": null, "entities": {"description": {"urls": []}}, "protected": false, "followers_count": 18233, "friends_count": 14449, "listed_count": 100, "created_at": "Wed Oct 01 21:47:46 +0000 2014", "favourites_count": 189068, "utc_offset": null, "time_zone": null, "geo_enabled": true, "verified": false, "statuses_count": 138849, "lang": null, "contributors_enabled": false, "is_translator": false, "is_translation_enabled": false, "profile_background_color": "C0DEED", "profile_background_image_url": "http://abs.twimg.com/images/themes/theme1/bg.png", "profile_background_image_url_https": "https://abs.twimg.com/images/themes/theme1/bg.png", "profile_background_tile": false, "profile_image_url": "http://pbs.twimg.com/profile_images/617586196726743040/s3iav7j5_normal.jpg", "profile_image_url_https": "https://pbs.twimg.com/profile_images/617586196726743040/s3iav7j5_normal.jpg", "profile_banner_url": "https://pbs.twimg.com/profile_banners/2837205452/1615373601", "profile_link_color": "1DA1F2", "profile_sidebar_border_color": "C0DEED", "profile_sidebar_fill_color": "DDEEF6", "profile_text_color": "333333", "profile_use_background_image": true, "has_extended_profile": false, "default_profile": true, "default_profile_image": false, "following": null, "follow_request_sent": null, "notifications": null, "translator_type": "none", "withheld_in_countries": []}, "geo": null, "coordinates": null, "place": null, "contributors": null, "is_quote_status": false, "retweet_count": 89, "favorite_count": 903, "favorited": false, "retweeted": false, "lang": "en"}, "is_quote_status": false, "retweet_count": 89, "favorite_count": 0, "favorited": false, "retweeted": false, "lang": "en"}
{"created_at": "Mon Apr 19 23:59:09 +0000 2021", "id": 1384295535947907075, "id_str": "1384295535947907075", "text": "Weirdos in the comments https://t.co/DE7hJcedFs", "truncated": false, "entities": {"hashtags": [], "symbols": [], "user_mentions": [], "urls": [{"url": "https://t.co/DE7hJcedFs", "expanded_url": "https://twitter.com/BryceHall/status/1384028776447705093", "display_url": "twitter.com/BryceHall/stat\u2026", "indices": [24, 47]}]}, "metadata": {"iso_language_code": "en", "result_type": "recent"}, "source": "<a href=\"http://twitter.com/download/android\" rel=\"nofollow\">Twitter for Android</a>", "in_reply_to_status_id": null, "in_reply_to_status_id_str": null, "in_reply_to_user_id": null, "in_reply_to_user_id_str": null, "in_reply_to_screen_name": null, "user": {"id": 1162786520148803585, "id_str": "1162786520148803585", "name": "JOE\ud83d\udeb7", "screen_name": "wheelzburner", "location": "New Mexico", "description": "Existence Is Pain.                                                            \n25\ud83c\uddf2\ud83c\uddfd\nhttps://t.co/I7UAHTTFCl", "url": null, "entities": {"description": {"urls": [{"url": "https://t.co/I7UAHTTFCl", "expanded_url": "https://www.twitch.tv/theeinfamousjoe?s", "display_url": "twitch.tv/theeinfamousjo\u2026", "indices": [84, 107]}]}}, "protected": false, "followers_count": 822, "friends_count": 303, "listed_count": 5, "created_at": "Sat Aug 17 18:01:34 +0000 2019", "favourites_count": 225642, "utc_offset": null, "time_zone": null, "geo_enabled": false, "verified": false, "statuses_count": 92415, "lang": null, "contributors_enabled": false, "is_translator": false, "is_translation_enabled": false, "profile_background_color": "F5F8FA", "profile_background_image_url": null, "profile_background_image_url_https": null, "profile_background_tile": false, "profile_image_url": "http://pbs.twimg.com/profile_images/1387137806892294144/VVJWB14c_normal.jpg", "profile_image_url_https": "https://pbs.twimg.com/profile_images/1387137806892294144/VVJWB14c_normal.jpg", "profile_banner_url": "https://pbs.twimg.com/profile_banners/1162786520148803585/1609187829", "profile_link_color": "1DA1F2", "profile_sidebar_border_color": "C0DEED", "profile_sidebar_fill_color": "DDEEF6", "profile_text_color": "333333", "profile_use_background_image": true, "has_extended_profile": false, "default_profile": true, "default_profile_image": false, "following": null, "follow_request_sent": null, "notifications": null, "translator_type": "none", "withheld_in_countries": []}, "geo": null, "coordinates": null, "place": null, "contributors": null, "is_quote_status": true, "quoted_status_id": 1384028776447705093, "quoted_status_id_str": "1384028776447705093", "quoted_status": {"created_at": "Mon Apr 19 06:19:08 +0000 2021", "id": 1384028776447705093, "id_str": "1384028776447705093", "text": "fucking me, telling me u love me then sneaking around w/ someone else... that fuckin hurts", "truncated": false, "entities": {"hashtags": [], "symbols": [], "user_mentions": [], "urls": []}, "metadata": {"iso_language_code": "en", "result_type": "recent"}, "source": "<a href=\"http://twitter.com/download/iphone\" rel=\"nofollow\">Twitter for iPhone</a>", "in_reply_to_status_id": null, "in_reply_to_status_id_str": null, "in_reply_to_user_id": null, "in_reply_to_user_id_str": null, "in_reply_to_screen_name": null, "user": {"id": 2523637615, "id_str": "2523637615", "name": "Bryce Hall", "screen_name": "BryceHall", "location": "Los Angeles, CA", "description": "i make videos / email: brycehallbiz@gmail.com", "url": null, "entities": {"description": {"urls": []}}, "protected": false, "followers_count": 1371527, "friends_count": 5916, "listed_count": 825, "created_at": "Sun May 25 22:57:03 +0000 2014", "favourites_count": 9709, "utc_offset": null, "time_zone": null, "geo_enabled": true, "verified": true, "statuses_count": 6836, "lang": null, "contributors_enabled": false, "is_translator": false, "is_translation_enabled": false, "profile_background_color": "000000", "profile_background_image_url": "http://abs.twimg.com/images/themes/theme1/bg.png", "profile_background_image_url_https": "https://abs.twimg.com/images/themes/theme1/bg.png", "profile_background_tile": false, "profile_image_url": "http://pbs.twimg.com/profile_images/1308041744055808001/-_CkBWPA_normal.jpg", "profile_image_url_https": "https://pbs.twimg.com/profile_images/1308041744055808001/-_CkBWPA_normal.jpg", "profile_banner_url": "https://pbs.twimg.com/profile_banners/2523637615/1594093598", "profile_link_color": "89C9FA", "profile_sidebar_border_color": "000000", "profile_sidebar_fill_color": "000000", "profile_text_color": "000000", "profile_use_background_image": false, "has_extended_profile": true, "default_profile": false, "default_profile_image": false, "following": null, "follow_request_sent": null, "notifications": null, "translator_type": "none", "withheld_in_countries": []}, "geo": null, "coordinates": null, "place": null, "contributors": null, "is_quote_status": false, "retweet_count": 1728, "favorite_count": 56363, "favorited": false, "retweeted": false, "lang": "en"}, "retweet_count": 0, "favorite_count": 0, "favorited": false, "retweeted": false, "possibly_sensitive": false, "lang": "en"}
{"created_at": "Mon Apr 19 23:57:45 +0000 2021", "id": 1384295184960090126, "id_str": "1384295184960090126", "text": "@Tubby_758 It's the fact that it will just make things worse. Damned if you do, damned if you dont chps", "truncated": false, "entities": {"hashtags": [], "symbols": [], "user_mentions": [{"screen_name": "Tubby_758", "name": "O\u2019Conner", "id": 1045718413887377413, "id_str": "1045718413887377413", "indices": [0, 10]}], "urls": []}, "metadata": {"iso_language_code": "en", "result_type": "recent"}, "source": "<a href=\"http://twitter.com/download/android\" rel=\"nofollow\">Twitter for Android</a>", "in_reply_to_status_id": 1384294852184051724, "in_reply_to_status_id_str": "1384294852184051724", "in_reply_to_user_id": 1045718413887377413, "in_reply_to_user_id_str": "1045718413887377413", "in_reply_to_screen_name": "Tubby_758", "user": {"id": 919189490907873281, "id_str": "919189490907873281", "name": "don che\ud83c\uddf1\ud83c\udde8", "screen_name": "donchenoa", "location": "Saint Lucia", "description": "You will never know me or my life by my tweets.\n\nSincerely, I dont give a f**k about your negative opinions of me. Have a field day w dem jawns.", "url": null, "entities": {"description": {"urls": []}}, "protected": false, "followers_count": 1805, "friends_count": 967, "listed_count": 1, "created_at": "Sat Oct 14 13:13:47 +0000 2017", "favourites_count": 32025, "utc_offset": null, "time_zone": null, "geo_enabled": true, "verified": false, "statuses_count": 40544, "lang": null, "contributors_enabled": false, "is_translator": false, "is_translation_enabled": false, "profile_background_color": "F5F8FA", "profile_background_image_url": null, "profile_background_image_url_https": null, "profile_background_tile": false, "profile_image_url": "http://pbs.twimg.com/profile_images/1380049860653682689/JPPyGcBA_normal.jpg", "profile_image_url_https": "https://pbs.twimg.com/profile_images/1380049860653682689/JPPyGcBA_normal.jpg", "profile_banner_url": "https://pbs.twimg.com/profile_banners/919189490907873281/1613778858", "profile_link_color": "1DA1F2", "profile_sidebar_border_color": "C0DEED", "profile_sidebar_fill_color": "DDEEF6", "profile_text_color": "333333", "profile_use_background_image": true, "has_extended_profile": true, "default_profile": true, "default_profile_image": false, "following": null, "follow_request_sent": null, "notifications": null, "translator_type": "none", "withheld_in_countries": []}, "geo": null, "coordinates": null, "place": null, "contributors": null, "is_quote_status": false, "retweet_count": 0, "favorite_count": 0, "favorited": false, "retweeted": false, "lang": "en"}
{"created_at": "Mon Apr 19 23:58:09 +0000 2021", "id": 1384295286185500681, "id_str": "1384295286185500681", "text": "So this not normal? https://t.co/J4oXIdQQGA", "truncated": false, "entities": {"hashtags": [], "symbols": [], "user_mentions": [], "urls": [{"url": "https://t.co/J4oXIdQQGA", "expanded_url": "https://twitter.com/externaljew/status/1383845652266766339", "display_url": "twitter.com/externaljew/st\u2026", "indices": [20, 43]}]}, "metadata": {"iso_language_code": "en", "result_type": "recent"}, "source": "<a href=\"http://twitter.com/download/android\" rel=\"nofollow\">Twitter for Android</a>", "in_reply_to_status_id": null, "in_reply_to_status_id_str": null, "in_reply_to_user_id": null, "in_reply_to_user_id_str": null, "in_reply_to_screen_name": null, "user": {"id": 919189490907873281, "id_str": "919189490907873281", "name": "don che\ud83c\uddf1\ud83c\udde8", "screen_name": "donchenoa", "location": "Saint Lucia", "description": "You will never know me or my life by my tweets.\n\nSincerely, I dont give a f**k about your negative opinions of me. Have a field day w dem jawns.", "url": null, "entities": {"description": {"urls": []}}, "protected": false, "followers_count": 1805, "friends_count": 967, "listed_count": 1, "created_at": "Sat Oct 14 13:13:47 +0000 2017", "favourites_count": 32025, "utc_offset": null, "time_zone": null, "geo_enabled": true, "verified": false, "statuses_count": 40544, "lang": null, "contributors_enabled": false, "is_translator": false, "is_translation_enabled": false, "profile_background_color": "F5F8FA", "profile_background_image_url": null, "profile_background_image_url_https": null, "profile_background_tile": false, "profile_image_url": "http://pbs.twimg.com/profile_images/1380049860653682689/JPPyGcBA_normal.jpg", "profile_image_url_https": "https://pbs.twimg.com/profile_images/1380049860653682689/JPPyGcBA_normal.jpg", "profile_banner_url": "https://pbs.twimg.com/profile_banners/919189490907873281/1613778858", "profile_link_color": "1DA1F2", "profile_sidebar_border_color": "C0DEED", "profile_sidebar_fill_color": "DDEEF6", "profile_text_color": "333333", "profile_use_background_image": true, "has_extended_profile": true, "default_profile": true, "default_profile_image": false, "following": null, "follow_request_sent": null, "notifications": null, "translator_type": "none", "withheld_in_countries": []}, "geo": null, "coordinates": null, "place": null, "contributors": null, "is_quote_status": true, "quoted_status_id": 1383845652266766339, "quoted_status_id_str": "1383845652266766339", "quoted_status": {"created_at": "Sun Apr 18 18:11:28 +0000 2021", "id": 1383845652266766339, "id_str": "1383845652266766339", "text": "Women have been deprived of pockets for so long that they\u2019ve evolved to this level of grip strength https://t.co/kfPknUIcdf", "truncated": false, "entities": {"hashtags": [], "symbols": [], "user_mentions": [], "urls": [], "media": [{"id": 1383845648328368136, "id_str": "1383845648328368136", "indices": [100, 123], "media_url": "http://pbs.twimg.com/media/EzRoSQSVIAgdpYT.jpg", "media_url_https": "https://pbs.twimg.com/media/EzRoSQSVIAgdpYT.jpg", "url": "https://t.co/kfPknUIcdf", "display_url": "pic.twitter.com/kfPknUIcdf", "expanded_url": "https://twitter.com/externaljew/status/1383845652266766339/photo/1", "type": "photo", "sizes": {"medium": {"w": 800, "h": 1200, "resize": "fit"}, "small": {"w": 453, "h": 680, "resize": "fit"}, "thumb": {"w": 150, "h": 150, "resize": "crop"}, "large": {"w": 1200, "h": 1800, "resize": "fit"}}}]}, "extended_entities": {"media": [{"id": 1383845648328368136, "id_str": "1383845648328368136", "indices": [100, 123], "media_url": "http://pbs.twimg.com/media/EzRoSQSVIAgdpYT.jpg", "media_url_https": "https://pbs.twimg.com/media/EzRoSQSVIAgdpYT.jpg", "url": "https://t.co/kfPknUIcdf", "display_url": "pic.twitter.com/kfPknUIcdf", "expanded_url": "https://twitter.com/externaljew/status/1383845652266766339/photo/1", "type": "photo", "sizes": {"medium": {"w": 800, "h": 1200, "resize": "fit"}, "small": {"w": 453, "h": 680, "resize": "fit"}, "thumb": {"w": 150, "h": 150, "resize": "crop"}, "large": {"w": 1200, "h": 1800, "resize": "fit"}}}, {"id": 1383845648340951041, "id_str": "1383845648340951041", "indices": [100, 123], "media_url": "http://pbs.twimg.com/media/EzRoSQVVIAExtw7.jpg", "media_url_https": "https://pbs.twimg.com/media/EzRoSQVVIAExtw7.jpg", "url": "https://t.co/kfPknUIcdf", "display_url": "pic.twitter.com/kfPknUIcdf", "expanded_url": "https://twitter.com/externaljew/status/1383845652266766339/photo/1", "type": "photo", "sizes": {"large": {"w": 283, "h": 396, "resize": "fit"}, "thumb": {"w": 150, "h": 150, "resize": "crop"}, "medium": {"w": 283, "h": 396, "resize": "fit"}, "small": {"w": 283, "h": 396, "resize": "fit"}}}]}, "metadata": {"iso_language_code": "en", "result_type": "recent"}, "source": "<a href=\"http://twitter.com/download/iphone\" rel=\"nofollow\">Twitter for iPhone</a>", "in_reply_to_status_id": null, "in_reply_to_status_id_str": null, "in_reply_to_user_id": null, "in_reply_to_user_id_str": null, "in_reply_to_screen_name": null, "user": {"id": 379428045, "id_str": "379428045", "name": "ANTHONY ZUCCARO", "screen_name": "externaljew", "location": "San Francisco", "description": "PAUL G. AMATTI aka your ghostwriter\u2019s ghostwriter anthonyzuccaro0@gmail.com #DiStefanoLife", "url": "https://t.co/wUCGbtyqJY", "entities": {"url": {"urls": [{"url": "https://t.co/wUCGbtyqJY", "expanded_url": "https://linktr.ee/anthonyzuccaro", "display_url": "linktr.ee/anthonyzuccaro", "indices": [0, 23]}]}, "description": {"urls": []}}, "protected": false, "followers_count": 1517, "friends_count": 926, "listed_count": 4, "created_at": "Sat Sep 24 23:22:46 +0000 2011", "favourites_count": 6814, "utc_offset": null, "time_zone": null, "geo_enabled": true, "verified": false, "statuses_count": 10974, "lang": null, "contributors_enabled": false, "is_translator": false, "is_translation_enabled": false, "profile_background_color": "000000", "profile_background_image_url": "http://abs.twimg.com/images/themes/theme1/bg.png", "profile_background_image_url_https": "https://abs.twimg.com/images/themes/theme1/bg.png", "profile_background_tile": false, "profile_image_url": "http://pbs.twimg.com/profile_images/1344793417142845440/7ZKTWOZc_normal.jpg", "profile_image_url_https": "https://pbs.twimg.com/profile_images/1344793417142845440/7ZKTWOZc_normal.jpg", "profile_banner_url": "https://pbs.twimg.com/profile_banners/379428045/1609458711", "profile_link_color": "981CEB", "profile_sidebar_border_color": "000000", "profile_sidebar_fill_color": "000000", "profile_text_color": "000000", "profile_use_background_image": false, "has_extended_profile": false, "default_profile": false, "default_profile_image": false, "following": null, "follow_request_sent": null, "notifications": null, "translator_type": "none", "withheld_in_countries": []}, "geo": null, "coordinates": null, "place": null, "contributors": null, "is_quote_status": false, "retweet_count": 95993, "favorite_count": 729000, "favorited": false, "retweeted": false, "possibly_sensitive": false, "lang": "en"}, "retweet_count": 0, "favorite_count": 0, "favorited": false, "retweeted": false, "possibly_sensitive": false, "lang": "en"}
