{"created_at": "Wed Apr 21 23:59:55 +0000 2021", "id": 1385020505837608962, "id_str": "1385020505837608962", "text": "@RitaPanahi She'd be fun at parties.", "truncated": false, "entities": {"hashtags": [], "symbols": [], "user_mentions": [{"screen_name": "RitaPanahi", "name": "Rita Panahi", "id": 25235151, "id_str": "25235151", "indices": [0, 11]}], "urls": []}, "metadata": {"iso_language_code": "en", "result_type": "recent"}, "source": "<a href=\"http://twitter.com/download/android\" rel=\"nofollow\">Twitter for Android</a>", "in_reply_to_status_id": 1384989257077428226, "in_reply_to_status_id_str": "1384989257077428226", "in_reply_to_user_id": 25235151, "in_reply_to_user_id_str": "25235151", "in_reply_to_screen_name": "RitaPanahi", "user": {"id": 1295625740247949313, "id_str": "1295625740247949313", "name": "Gary and the goat", "screen_name": "Garyandthegoat1", "location": "Melbourne, Victoria, Australia", "description": "Not sure if I'm a progressive conservative or a conservative progressive\ud83e\udd37\u200d\u2642\ufe0f \nPolitically homeless.\nEarn my vote you fucking clowns.", "url": null, "entities": {"description": {"urls": []}}, "protected": false, "followers_count": 193, "friends_count": 321, "listed_count": 2, "created_at": "Tue Aug 18 07:37:19 +0000 2020", "favourites_count": 1028, "utc_offset": null, "time_zone": null, "geo_enabled": false, "verified": false, "statuses_count": 7352, "lang": null, "contributors_enabled": false, "is_translator": false, "is_translation_enabled": false, "profile_background_color": "F5F8FA", "profile_background_image_url": null, "profile_background_image_url_https": null, "profile_background_tile": false, "profile_image_url": "http://pbs.twimg.com/profile_images/1295928163399172096/_USuhhA9_normal.jpg", "profile_image_url_https": "https://pbs.twimg.com/profile_images/1295928163399172096/_USuhhA9_normal.jpg", "profile_banner_url": "https://pbs.twimg.com/profile_banners/1295625740247949313/1604086225", "profile_link_color": "1DA1F2", "profile_sidebar_border_color": "C0DEED", "profile_sidebar_fill_color": "DDEEF6", "profile_text_color": "333333", "profile_use_background_image": true, "has_extended_profile": false, "default_profile": true, "default_profile_image": false, "following": null, "follow_request_sent": null, "notifications": null, "translator_type": "none", "withheld_in_countries": []}, "geo": null, "coordinates": null, "place": null, "contributors": null, "is_quote_status": false, "retweet_count": 0, "favorite_count": 4, "favorited": false, "retweeted": false, "lang": "en"}
{"created_at": "Wed Apr 21 23:59:51 +0000 2021", "id": 1385020488263487491, "id_str": "1385020488263487491", "text": "RT @chemu1819: What in the sweet fucking universe is this?\nKeep all your gods bullshit out of my parliament. \n#auspol #ScottyFromHillsong h\u2026", "truncated": false, "entities": {"hashtags": [{"text": "auspol", "indices": [110, 117]}, {"text": "ScottyFromHillsong", "indices": [118, 137]}], "symbols": [], "user_mentions": [{"screen_name": "chemu1819", "name": "LadyLovelyLumps", "id": 1343151145074663429, "id_str": "1343151145074663429", "indices": [3, 13]}], "urls": []}, "metadata": {"iso_language_code": "en", "result_type": "recent"}, "source": "<a href=\"https://mobile.twitter.com\" rel=\"nofollow\">Twitter Web App</a>", "in_reply_to_status_id": null, "in_reply_to_status_id_str": null, "in_reply_to_user_id": null, "in_reply_to_user_id_str": null, "in_reply_to_screen_name": null, "user": {"id": 781019903574806529, "id_str": "781019903574806529", "name": "Charlize Theroff", "screen_name": "CharlizeTheroff", "location": "Adelaide, South Australia", "description": "Trans Tasman living gratefully on Kaurna land\n\nAlways was, always will be.", "url": null, "entities": {"description": {"urls": []}}, "protected": false, "followers_count": 2265, "friends_count": 1734, "listed_count": 4, "created_at": "Wed Sep 28 06:37:10 +0000 2016", "favourites_count": 164828, "utc_offset": null, "time_zone": null, "geo_enabled": true, "verified": false, "statuses_count": 206391, "lang": null, "contributors_enabled": false, "is_translator": false, "is_translation_enabled": false, "profile_background_color": "000000", "profile_background_image_url": "http://abs.twimg.com/images/themes/theme1/bg.png", "profile_background_image_url_https": "https://abs.twimg.com/images/themes/theme1/bg.png", "profile_background_tile": false, "profile_image_url": "http://pbs.twimg.com/profile_images/863862976087941120/sP9olvpz_normal.jpg", "profile_image_url_https": "https://pbs.twimg.com/profile_images/863862976087941120/sP9olvpz_normal.jpg", "profile_banner_url": "https://pbs.twimg.com/profile_banners/781019903574806529/1528353508", "profile_link_color": "E81C4F", "profile_sidebar_border_color": "000000", "profile_sidebar_fill_color": "000000", "profile_text_color": "000000", "profile_use_background_image": false, "has_extended_profile": false, "default_profile": false, "default_profile_image": false, "following": null, "follow_request_sent": null, "notifications": null, "translator_type": "none", "withheld_in_countries": []}, "geo": null, "coordinates": null, "place": null, "contributors": null, "retweeted_status": {"created_at": "Wed Apr 21 22:00:34 +0000 2021", "id": 1384990468757356545, "id_str": "1384990468757356545", "text": "What in the sweet fucking universe is this?\nKeep all your gods bullshit out of my parliament. \n#auspol\u2026 https://t.co/JNbFEeC4PR", "truncated": true, "entities": {"hashtags": [{"text": "auspol", "indices": [95, 102]}], "symbols": [], "user_mentions": [], "urls": [{"url": "https://t.co/JNbFEeC4PR", "expanded_url": "https://twitter.com/i/web/status/1384990468757356545", "display_url": "twitter.com/i/web/status/1\u2026", "indices": [104, 127]}]}, "metadata": {"iso_language_code": "en", "result_type": "recent"}, "source": "<a href=\"http://twitter.com/download/iphone\" rel=\"nofollow\">Twitter for iPhone</a>", "in_reply_to_status_id": null, "in_reply_to_status_id_str": null, "in_reply_to_user_id": null, "in_reply_to_user_id_str": null, "in_reply_to_screen_name": null, "user": {"id": 1343151145074663429, "id_str": "1343151145074663429", "name": "LadyLovelyLumps", "screen_name": "chemu1819", "location": "Portarlington, Victoria", "description": "Ex nurse, small business owner, unionist, politics, science, atheist, sports, breast cancer survivor and proud Victorian. On my 3rd account \ud83d\ude2c #alwayssuspended", "url": null, "entities": {"description": {"urls": []}}, "protected": false, "followers_count": 273, "friends_count": 832, "listed_count": 2, "created_at": "Sun Dec 27 11:06:14 +0000 2020", "favourites_count": 35950, "utc_offset": null, "time_zone": null, "geo_enabled": true, "verified": false, "statuses_count": 2950, "lang": null, "contributors_enabled": false, "is_translator": false, "is_translation_enabled": false, "profile_background_color": "F5F8FA", "profile_background_image_url": null, "profile_background_image_url_https": null, "profile_background_tile": false, "profile_image_url": "http://pbs.twimg.com/profile_images/1343383459314638849/QkYxafkW_normal.jpg", "profile_image_url_https": "https://pbs.twimg.com/profile_images/1343383459314638849/QkYxafkW_normal.jpg", "profile_banner_url": "https://pbs.twimg.com/profile_banners/1343151145074663429/1613822992", "profile_link_color": "1DA1F2", "profile_sidebar_border_color": "C0DEED", "profile_sidebar_fill_color": "DDEEF6", "profile_text_color": "333333", "profile_use_background_image": true, "has_extended_profile": false, "default_profile": true, "default_profile_image": false, "following": null, "follow_request_sent": null, "notifications": null, "translator_type": "none", "withheld_in_countries": []}, "geo": null, "coordinates": null, "place": null, "contributors": null, "is_quote_status": true, "quoted_status_id": 1384989926874247170, "quoted_status_id_str": "1384989926874247170", "quoted_status": {"created_at": "Wed Apr 21 21:58:25 +0000 2021", "id": 1384989926874247170, "id_str": "1384989926874247170", "text": "If more church means being touched by old blokes I'm out... https://t.co/PzELpJJ5aw", "truncated": false, "entities": {"hashtags": [], "symbols": [], "user_mentions": [], "urls": [], "media": [{"id": 1384987433725358082, "id_str": "1384987433725358082", "indices": [60, 83], "media_url": "http://pbs.twimg.com/media/Ezh2u6WUcAIWo9_.jpg", "media_url_https": "https://pbs.twimg.com/media/Ezh2u6WUcAIWo9_.jpg", "url": "https://t.co/PzELpJJ5aw", "display_url": "pic.twitter.com/PzELpJJ5aw", "expanded_url": "https://twitter.com/SeanBradbery/status/1384989926874247170/photo/1", "type": "photo", "sizes": {"small": {"w": 680, "h": 506, "resize": "fit"}, "large": {"w": 1121, "h": 834, "resize": "fit"}, "thumb": {"w": 150, "h": 150, "resize": "crop"}, "medium": {"w": 1121, "h": 834, "resize": "fit"}}}]}, "extended_entities": {"media": [{"id": 1384987433725358082, "id_str": "1384987433725358082", "indices": [60, 83], "media_url": "http://pbs.twimg.com/media/Ezh2u6WUcAIWo9_.jpg", "media_url_https": "https://pbs.twimg.com/media/Ezh2u6WUcAIWo9_.jpg", "url": "https://t.co/PzELpJJ5aw", "display_url": "pic.twitter.com/PzELpJJ5aw", "expanded_url": "https://twitter.com/SeanBradbery/status/1384989926874247170/photo/1", "type": "photo", "sizes": {"small": {"w": 680, "h": 506, "resize": "fit"}, "large": {"w": 1121, "h": 834, "resize": "fit"}, "thumb": {"w": 150, "h": 150, "resize": "crop"}, "medium": {"w": 1121, "h": 834, "resize": "fit"}}}]}, "metadata": {"iso_language_code": "en", "result_type": "recent"}, "source": "<a href=\"https://mobile.twitter.com\" rel=\"nofollow\">Twitter Web App</a>", "in_reply_to_status_id": null, "in_reply_to_status_id_str": null, "in_reply_to_user_id": null, "in_reply_to_user_id_str": null, "in_reply_to_screen_name": null, "user": {"id": 311856115, "id_str": "311856115", "name": "Seano", "screen_name": "SeanBradbery", "location": "Born to Lose, Live to Win", "description": "\u201cApparently people don't like the truth, but I do like it; I like it because it upsets a lot of people...\" Lemmy\n\nNgunnawal land. #BLM\n\n*See avatar for message.", "url": "https://t.co/SrGxbtJY34", "entities": {"url": {"urls": [{"url": "https://t.co/SrGxbtJY34", "expanded_url": "http://climate.nasa.gov/evidence", "display_url": "climate.nasa.gov/evidence", "indices": [0, 23]}]}, "description": {"urls": []}}, "protected": false, "followers_count": 11180, "friends_count": 9668, "listed_count": 260, "created_at": "Mon Jun 06 05:21:56 +0000 2011", "favourites_count": 155487, "utc_offset": null, "time_zone": null, "geo_enabled": false, "verified": false, "statuses_count": 89367, "lang": null, "contributors_enabled": false, "is_translator": false, "is_translation_enabled": false, "profile_background_color": "642D8B", "profile_background_image_url": "http://abs.twimg.com/images/themes/theme10/bg.gif", "profile_background_image_url_https": "https://abs.twimg.com/images/themes/theme10/bg.gif", "profile_background_tile": true, "profile_image_url": "http://pbs.twimg.com/profile_images/875567013208268801/x_KDqZqv_normal.jpg", "profile_image_url_https": "https://pbs.twimg.com/profile_images/875567013208268801/x_KDqZqv_normal.jpg", "profile_banner_url": "https://pbs.twimg.com/profile_banners/311856115/1462700731", "profile_link_color": "1B95E0", "profile_sidebar_border_color": "65B0DA", "profile_sidebar_fill_color": "7AC3EE", "profile_text_color": "3D1957", "profile_use_background_image": true, "has_extended_profile": false, "default_profile": false, "default_profile_image": false, "following": null, "follow_request_sent": null, "notifications": null, "translator_type": "none", "withheld_in_countries": []}, "geo": null, "coordinates": null, "place": null, "contributors": null, "is_quote_status": false, "retweet_count": 8, "favorite_count": 64, "favorited": false, "retweeted": false, "possibly_sensitive": false, "lang": "en"}, "retweet_count": 27, "favorite_count": 121, "favorited": false, "retweeted": false, "possibly_sensitive": false, "lang": "en"}, "is_quote_status": true, "quoted_status_id": 1384989926874247170, "quoted_status_id_str": "1384989926874247170", "retweet_count": 27, "favorite_count": 0, "favorited": false, "retweeted": false, "lang": "en"}
